{
  "overlap_at_N": 0.5492844027088145,
  "overlap_at_50": 0.24830769230769237,
  "overlap_at_100": 0.40769230769230763,
  "overlap_at_200": 0.5366899647594604,
  "overlap_at_500": 0.5326002257611849,
  "precision_at_N": 0.4601931241233543,
  "precision_at_50": 0.24830769230769237,
  "precision_at_100": 0.40769230769230763,
  "precision_at_200": 0.5364615384615384,
  "precision_at_500": 0.5275384615384615,
  "de_spearman_sig": 0.07310462430818553,
  "de_direction_match": 0.9094519222151759,
  "de_sig_genes_recall": 0.6635503791318075,
  "de_nsig_counts_real": 522.2,
  "de_nsig_counts_pred": 769.3692307692307,
  "pr_auc": 0.5149134214694198,
  "roc_auc": 0.7444790483276996,
  "pearson_delta": 0.7499170045440013,
  "mse": 0.03073311227445419,
  "mae": 0.04896714254640616,
  "mse_delta": 0.009119747487756496,
  "mae_delta": 0.03128175686758298,
  "discrimination_score_l1": 0.9391715976331362,
  "discrimination_score_l2": 0.9275739644970413,
  "discrimination_score_cosine": 0.9235502958579882,
  "pearson_edistance": 0.8503287252842868,
  "clustering_agreement": 0.5123790393365655,
  "R2": 0.9431591629981995,
  "de_spearman_lfc_sig": 0.7889398195039913,
  "effect_size_corr": 0.7425564546528747
}