{
  "overlap_at_N": 0.5473493629477961,
  "overlap_at_50": 0.256923076923077,
  "overlap_at_100": 0.4064615384615386,
  "overlap_at_200": 0.5354793560874359,
  "overlap_at_500": 0.5308089014241363,
  "precision_at_N": 0.4575569461923317,
  "precision_at_50": 0.256923076923077,
  "precision_at_100": 0.4064615384615386,
  "precision_at_200": 0.5350769230769231,
  "precision_at_500": 0.5263076923076923,
  "de_spearman_sig": 0.09676820051841312,
  "de_direction_match": 0.9139064651439089,
  "de_sig_genes_recall": 0.6625199909833478,
  "de_nsig_counts_real": 522.2,
  "de_nsig_counts_pred": 773.5538461538462,
  "pr_auc": 0.5137961611431698,
  "roc_auc": 0.7432435742457453,
  "pearson_delta": 0.7543300633247082,
  "mse": 0.030622098580575907,
  "mae": 0.04906009945731896,
  "mse_delta": 0.009057057047119508,
  "mae_delta": 0.031148363220003934,
  "discrimination_score_l1": 0.9372781065088757,
  "discrimination_score_l2": 0.931834319526627,
  "discrimination_score_cosine": 0.9403550295857989,
  "pearson_edistance": 0.8611171586351678,
  "clustering_agreement": 0.531521046515653,
  "R2": 0.9439523220062256,
  "de_spearman_lfc_sig": 0.7911846458274336
}