{
  "overlap_at_N": 0.5463468681622553,
  "overlap_at_50": 0.2593846153846155,
  "overlap_at_100": 0.4075384615384615,
  "overlap_at_200": 0.5328550535381411,
  "overlap_at_500": 0.5286378836845362,
  "precision_at_N": 0.455547129090313,
  "precision_at_50": 0.2593846153846155,
  "precision_at_100": 0.4075384615384615,
  "precision_at_200": 0.5323076923076923,
  "precision_at_500": 0.5234153846153846,
  "de_spearman_sig": 0.09481034657424231,
  "de_direction_match": 0.9148213980054031,
  "de_sig_genes_recall": 0.6602909470380882,
  "de_nsig_counts_real": 522.2,
  "de_nsig_counts_pred": 774.5538461538462,
  "pr_auc": 0.5125834820205265,
  "roc_auc": 0.7428653239323635,
  "pearson_delta": 0.7541366369678424,
  "mse": 0.030710602580354764,
  "mae": 0.049086138921288346,
  "mse_delta": 0.009064372516093919,
  "mae_delta": 0.03130263820863687,
  "discrimination_score_l1": 0.9405917159763314,
  "discrimination_score_l2": 0.9301775147928995,
  "discrimination_score_cosine": 0.9233136094674557,
  "pearson_edistance": 0.8548725565533529,
  "clustering_agreement": 0.5670807878135692,
  "R2": 0.9430811405181885,
  "de_spearman_lfc_sig": 0.794724526404141
}