{
  "overlap_at_N": 0.5435845449246638,
  "overlap_at_50": 0.2520000000000001,
  "overlap_at_100": 0.39815384615384597,
  "overlap_at_200": 0.5300631906986664,
  "overlap_at_500": 0.5263168311908136,
  "precision_at_N": 0.4550396239058511,
  "precision_at_50": 0.2520000000000001,
  "precision_at_100": 0.39815384615384597,
  "precision_at_200": 0.5307692307692309,
  "precision_at_500": 0.5218769230769229,
  "de_spearman_sig": 0.06956996885831529,
  "de_direction_match": 0.9140723456515963,
  "de_sig_genes_recall": 0.6608812876889504,
  "de_nsig_counts_real": 522.2,
  "de_nsig_counts_pred": 775.2923076923076,
  "pr_auc": 0.5119827869592024,
  "roc_auc": 0.7433276341155153,
  "pearson_delta": 0.7554601453817807,
  "mse": 0.03083229665286266,
  "mae": 0.04919318949373869,
  "mse_delta": 0.009175121271982788,
  "mae_delta": 0.03130079318697636,
  "discrimination_score_l1": 0.940828402366864,
  "discrimination_score_l2": 0.9360946745562131,
  "discrimination_score_cosine": 0.9372781065088757,
  "pearson_edistance": 0.8540773050857934,
  "clustering_agreement": 0.5534226655153656,
  "R2": 0.9441946744918823,
  "de_spearman_lfc_sig": 0.7917650663983109,
  "effect_size_corr": 0.7452845081789111
}