{
  "overlap_at_N": 0.38429324803299464,
  "overlap_at_50": 0.19230769230769226,
  "overlap_at_100": 0.24553846153846154,
  "overlap_at_200": 0.306695253178484,
  "overlap_at_500": 0.36582179264138426,
  "precision_at_N": 0.3564712931105279,
  "precision_at_50": 0.19230769230769226,
  "precision_at_100": 0.24553846153846154,
  "precision_at_200": 0.30707692307692314,
  "precision_at_500": 0.3668615384615385,
  "de_spearman_sig": -0.13063723011005918,
  "de_direction_match": 0.8241664081734087,
  "de_sig_genes_recall": 0.5527682562908017,
  "de_nsig_counts_real": 522.2,
  "de_nsig_counts_pred": 825.5076923076923,
  "pr_auc": 0.3735316472334273,
  "roc_auc": 0.6291749003113807,
  "pearson_delta": 0.6259253917405239,
  "mse": 0.020471211916838702,
  "mae": 0.03835875185636373,
  "mse_delta": 0.008370719257240686,
  "mae_delta": 0.03326707190045944,
  "discrimination_score_l1": 0.8991715976331359,
  "discrimination_score_l2": 0.9325443786982248,
  "discrimination_score_cosine": 0.9308875739644968,
  "pearson_edistance": 0.874549612156189,
  "clustering_agreement": 0.46697859549948795,
  "R2": 0.9204469919204712,
  "de_spearman_lfc_sig": 0.7020228709395042,
  "effect_size_corr": 0.6419899883946635
}