{
  "overlap_at_N": 0.3859728479680755,
  "overlap_at_50": 0.19969230769230764,
  "overlap_at_100": 0.24723076923076917,
  "overlap_at_200": 0.31115660927141914,
  "overlap_at_500": 0.36910971718119745,
  "precision_at_N": 0.35736041151188797,
  "precision_at_50": 0.19969230769230764,
  "precision_at_100": 0.24723076923076917,
  "precision_at_200": 0.31084615384615394,
  "precision_at_500": 0.36938461538461537,
  "de_spearman_sig": -0.08536425441480384,
  "de_direction_match": 0.8238279325078464,
  "de_sig_genes_recall": 0.5504075056299679,
  "de_nsig_counts_real": 522.2,
  "de_nsig_counts_pred": 823.5846153846154,
  "pr_auc": 0.37385948087780074,
  "roc_auc": 0.6289543530673568,
  "pearson_delta": 0.6271395870466502,
  "mse": 0.020152338723150583,
  "mae": 0.03825863743057618,
  "mse_delta": 0.008120869404564683,
  "mae_delta": 0.03325044429646089,
  "discrimination_score_l1": 0.9039053254437868,
  "discrimination_score_l2": 0.9325443786982246,
  "discrimination_score_cosine": 0.931834319526627,
  "pearson_edistance": 0.8772629339528561,
  "clustering_agreement": 0.5032174977794457,
  "R2": 0.9212586283683777,
  "de_spearman_lfc_sig": 0.6988048082567949
}