{
  "overlap_at_N": 0.5481230638159605,
  "overlap_at_50": 0.2624615384615385,
  "overlap_at_100": 0.40923076923076934,
  "overlap_at_200": 0.5350454465785184,
  "overlap_at_500": 0.5325145491900248,
  "precision_at_N": 0.457389192748847,
  "precision_at_50": 0.2624615384615385,
  "precision_at_100": 0.40923076923076934,
  "precision_at_200": 0.5345384615384614,
  "precision_at_500": 0.5274461538461538,
  "de_spearman_sig": 0.07762417354706477,
  "de_direction_match": 0.9127421403393483,
  "de_sig_genes_recall": 0.6637090967122936,
  "de_nsig_counts_real": 522.2,
  "de_nsig_counts_pred": 776.0769230769231,
  "pr_auc": 0.5144119424155111,
  "roc_auc": 0.7440387233960782,
  "pearson_delta": 0.7544457453374679,
  "mse": 0.030401366433271994,
  "mae": 0.04887409978188001,
  "mse_delta": 0.00896891015402686,
  "mae_delta": 0.031085561187221455,
  "discrimination_score_l1": 0.9415384615384615,
  "discrimination_score_l2": 0.9396449704142013,
  "discrimination_score_cosine": 0.9467455621301776,
  "pearson_edistance": 0.8620640322389904,
  "clustering_agreement": 0.542752527411708,
  "R2": 0.9430729150772095,
  "de_spearman_lfc_sig": 0.7914593161431756,
  "effect_size_corr": 0.7499860668385774
}