{
  "overlap_at_N": 0.5466708185010891,
  "overlap_at_50": 0.25661538461538463,
  "overlap_at_100": 0.4036923076923077,
  "overlap_at_200": 0.5354945289194781,
  "overlap_at_500": 0.530253468123738,
  "precision_at_N": 0.4553735051655448,
  "precision_at_50": 0.25661538461538463,
  "precision_at_100": 0.4036923076923077,
  "precision_at_200": 0.5354615384615383,
  "precision_at_500": 0.5253230769230769,
  "de_spearman_sig": 0.08361291733191491,
  "de_direction_match": 0.9087003984596366,
  "de_sig_genes_recall": 0.6640186864607788,
  "de_nsig_counts_real": 522.2,
  "de_nsig_counts_pred": 778.2307692307693,
  "pr_auc": 0.5109331503839087,
  "roc_auc": 0.7416247109874337,
  "pearson_delta": 0.7554389318594565,
  "mse": 0.030871696712879034,
  "mae": 0.049423837145933736,
  "mse_delta": 0.009104210580699146,
  "mae_delta": 0.03136483488174585,
  "discrimination_score_l1": 0.940828402366864,
  "discrimination_score_l2": 0.9325443786982248,
  "discrimination_score_cosine": 0.9315976331360947,
  "pearson_edistance": 0.8469261190431463,
  "clustering_agreement": 0.5192674895396303,
  "R2": 0.9438930749893188,
  "de_spearman_lfc_sig": 0.7914450182181502
}