{
  "overlap_at_N": 0.3077582844326362,
  "overlap_at_50": 0.16061538461538466,
  "overlap_at_100": 0.18769230769230769,
  "overlap_at_200": 0.23690487680693115,
  "overlap_at_500": 0.2859921701372035,
  "precision_at_N": 0.3018635272655493,
  "precision_at_50": 0.16061538461538466,
  "precision_at_100": 0.18769230769230769,
  "precision_at_200": 0.23684615384615382,
  "precision_at_500": 0.28836923076923077,
  "de_spearman_sig": -0.25964502055571476,
  "de_direction_match": 0.7940208321408707,
  "de_sig_genes_recall": 0.49777728961561646,
  "de_nsig_counts_real": 522.2,
  "de_nsig_counts_pred": 871.5230769230769,
  "pr_auc": 0.30898907856508023,
  "roc_auc": 0.5606193629503107,
  "pearson_delta": 0.5026071936608507,
  "mse": 0.01624065451323986,
  "mae": 0.0411507557791013,
  "mse_delta": 0.006297626271127508,
  "mae_delta": 0.03326800488508665,
  "discrimination_score_l1": 0.8717159763313609,
  "discrimination_score_l2": 0.8918343195266268,
  "discrimination_score_cosine": 0.8802366863905324,
  "pearson_edistance": 0.6568072696877755,
  "clustering_agreement": 0.4417758943835181,
  "R2": 0.9101442098617554,
  "de_spearman_lfc_sig": 0.626829643873825
}