{
  "overlap_at_N": 0.3098399803080271,
  "overlap_at_50": 0.15507692307692308,
  "overlap_at_100": 0.18630769230769229,
  "overlap_at_200": 0.2415675038278712,
  "overlap_at_500": 0.2876318187311908,
  "precision_at_N": 0.30381179599148717,
  "precision_at_50": 0.15507692307692308,
  "precision_at_100": 0.18630769230769229,
  "precision_at_200": 0.2413846153846154,
  "precision_at_500": 0.2899384615384615,
  "de_spearman_sig": -0.2357852404874858,
  "de_direction_match": 0.7909244655200233,
  "de_sig_genes_recall": 0.4964823314308228,
  "de_nsig_counts_real": 522.2,
  "de_nsig_counts_pred": 864.9230769230769,
  "pr_auc": 0.3101480351854924,
  "roc_auc": 0.5614196682507664,
  "pearson_delta": 0.5039884057254173,
  "mse": 0.016392387736302156,
  "mae": 0.041326663528497405,
  "mse_delta": 0.00629499015541604,
  "mae_delta": 0.03334719656178584,
  "discrimination_score_l1": 0.8738461538461538,
  "discrimination_score_l2": 0.8906508875739644,
  "discrimination_score_cosine": 0.8781065088757395,
  "pearson_edistance": 0.646966445432414,
  "clustering_agreement": 0.4511806245384735,
  "R2": 0.9106595516204834,
  "de_spearman_lfc_sig": 0.6195311186838776,
  "effect_size_corr": 0.6389598104224947
}