{
  "overlap_at_N": 0.4625221823371094,
  "overlap_at_50": 0.19323076923076926,
  "overlap_at_100": 0.27753846153846146,
  "overlap_at_200": 0.39190405169693787,
  "overlap_at_500": 0.4421683233048527,
  "precision_at_N": 0.4109119069703415,
  "precision_at_50": 0.19323076923076926,
  "precision_at_100": 0.27753846153846146,
  "precision_at_200": 0.39215384615384613,
  "precision_at_500": 0.4426769230769232,
  "de_spearman_sig": 0.03405725062523014,
  "de_direction_match": 0.8702488427228148,
  "de_sig_genes_recall": 0.6005716437964288,
  "de_nsig_counts_real": 522.2,
  "de_nsig_counts_pred": 782.1538461538462,
  "pr_auc": 0.44388733655105633,
  "roc_auc": 0.6898809018449638,
  "pearson_delta": 0.7106697019977638,
  "mse": 0.027347336938747992,
  "mae": 0.04874567885238391,
  "mse_delta": 0.008824818436271297,
  "mae_delta": 0.034243152720423845,
  "discrimination_score_l1": 0.9202366863905326,
  "discrimination_score_l2": 0.9252071005917161,
  "discrimination_score_cosine": 0.9190532544378698,
  "pearson_edistance": 0.7800114117376675,
  "clustering_agreement": 0.5032720854109731,
  "R2": 0.9375153183937073,
  "de_spearman_lfc_sig": 0.7301836399769376
}