{
  "overlap_at_N": 0.4599313033523901,
  "overlap_at_50": 0.19599999999999995,
  "overlap_at_100": 0.27815384615384614,
  "overlap_at_200": 0.3873163414625209,
  "overlap_at_500": 0.4412397382372424,
  "precision_at_N": 0.4084547740085344,
  "precision_at_50": 0.19599999999999995,
  "precision_at_100": 0.27815384615384614,
  "precision_at_200": 0.38753846153846144,
  "precision_at_500": 0.4420923076923078,
  "de_spearman_sig": -0.050459568011794485,
  "de_direction_match": 0.869347973797377,
  "de_sig_genes_recall": 0.6002453106055046,
  "de_nsig_counts_real": 522.2,
  "de_nsig_counts_pred": 785.3230769230769,
  "pr_auc": 0.44271793305304874,
  "roc_auc": 0.6879475502144042,
  "pearson_delta": 0.7098674492050822,
  "mse": 0.02744733295761622,
  "mae": 0.04884765629584973,
  "mse_delta": 0.008978199041806734,
  "mae_delta": 0.03432078011907064,
  "discrimination_score_l1": 0.9143195266272189,
  "discrimination_score_l2": 0.9185798816568048,
  "discrimination_score_cosine": 0.9147928994082841,
  "pearson_edistance": 0.7617272271628076,
  "clustering_agreement": 0.5334360137866025,
  "R2": 0.9377289414405823,
  "de_spearman_lfc_sig": 0.7272352317435539,
  "effect_size_corr": 0.7330961427269657
}