{
  "overlap_at_N": 0.5103883584764755,
  "overlap_at_50": 0.23076923076923078,
  "overlap_at_100": 0.33953846153846184,
  "overlap_at_200": 0.472775217124044,
  "overlap_at_500": 0.49363931161874275,
  "precision_at_N": 0.4492553490152833,
  "precision_at_50": 0.23076923076923078,
  "precision_at_100": 0.33953846153846184,
  "precision_at_200": 0.4726923076923077,
  "precision_at_500": 0.49233846153846145,
  "de_spearman_sig": 0.047846471694695546,
  "de_direction_match": 0.8928039039227571,
  "de_sig_genes_recall": 0.6320550933276771,
  "de_nsig_counts_real": 522.2,
  "de_nsig_counts_pred": 750.5384615384615,
  "pr_auc": 0.4856287607940403,
  "roc_auc": 0.7261941954696053,
  "pearson_delta": 0.7421288017756664,
  "mse": 0.02300733465414781,
  "mae": 0.0437590041412757,
  "mse_delta": 0.006893835660929863,
  "mae_delta": 0.02992133008172879,
  "discrimination_score_l1": 0.93301775147929,
  "discrimination_score_l2": 0.946508875739645,
  "discrimination_score_cosine": 0.9446153846153847,
  "pearson_edistance": 0.8540430585676526,
  "clustering_agreement": 0.46062999167846735,
  "R2": 0.951206386089325,
  "de_spearman_lfc_sig": 0.7674273465921867,
  "effect_size_corr": 0.7404815325962001
}