{
  "overlap_at_N": 0.5094128081415925,
  "overlap_at_50": 0.23261538461538467,
  "overlap_at_100": 0.33692307692307705,
  "overlap_at_200": 0.473182737568438,
  "overlap_at_500": 0.49358121354814205,
  "precision_at_N": 0.4451647154907813,
  "precision_at_50": 0.23261538461538467,
  "precision_at_100": 0.33692307692307705,
  "precision_at_200": 0.4733076923076922,
  "precision_at_500": 0.49227692307692306,
  "de_spearman_sig": 0.015343591540647015,
  "de_direction_match": 0.8948751676484675,
  "de_sig_genes_recall": 0.6305651999426988,
  "de_nsig_counts_real": 522.2,
  "de_nsig_counts_pred": 754.0615384615385,
  "pr_auc": 0.48238345200312505,
  "roc_auc": 0.723896399638661,
  "pearson_delta": 0.7402054931108768,
  "mse": 0.022961347012852247,
  "mae": 0.04370883671710124,
  "mse_delta": 0.006920055572230082,
  "mae_delta": 0.029778543329582765,
  "discrimination_score_l1": 0.9353846153846155,
  "discrimination_score_l2": 0.9450887573964497,
  "discrimination_score_cosine": 0.9401183431952663,
  "pearson_edistance": 0.8548882782546683,
  "clustering_agreement": 0.5589938565128563,
  "R2": 0.9509849548339844,
  "de_spearman_lfc_sig": 0.7685633220243773
}