{
  "overlap_at_N": 0.5333660420902265,
  "overlap_at_50": 0.25538461538461543,
  "overlap_at_100": 0.3958461538461537,
  "overlap_at_200": 0.5216758808539146,
  "overlap_at_500": 0.5200763947894905,
  "precision_at_N": 0.46425491915031863,
  "precision_at_50": 0.25538461538461543,
  "precision_at_100": 0.3958461538461537,
  "precision_at_200": 0.5213076923076924,
  "precision_at_500": 0.5152923076923077,
  "de_spearman_sig": 0.18321803666557862,
  "de_direction_match": 0.9017352226546023,
  "de_sig_genes_recall": 0.642718503832843,
  "de_nsig_counts_real": 522.2,
  "de_nsig_counts_pred": 736.5538461538462,
  "pr_auc": 0.5093311622562892,
  "roc_auc": 0.7431291891525507,
  "pearson_delta": 0.7389932992939766,
  "mse": 0.02259465493261814,
  "mae": 0.04202615415247587,
  "mse_delta": 0.006574726337566972,
  "mae_delta": 0.02892081790532057,
  "discrimination_score_l1": 0.9398816568047338,
  "discrimination_score_l2": 0.9505325443786984,
  "discrimination_score_cosine": 0.9455621301775149,
  "pearson_edistance": 0.9002030410733896,
  "clustering_agreement": 0.5187250984604529,
  "R2": 0.9405686855316162,
  "de_spearman_lfc_sig": 0.7982872646627573,
  "effect_size_corr": 0.7096435996491101
}