{
  "overlap_at_N": 0.5357104535517171,
  "overlap_at_50": 0.24984615384615394,
  "overlap_at_100": 0.38892307692307665,
  "overlap_at_200": 0.5235574460876586,
  "overlap_at_500": 0.5229868025436618,
  "precision_at_N": 0.46876825016923235,
  "precision_at_50": 0.24984615384615394,
  "precision_at_100": 0.38892307692307665,
  "precision_at_200": 0.522923076923077,
  "precision_at_500": 0.5187384615384616,
  "de_spearman_sig": 0.1542689790904312,
  "de_direction_match": 0.9042939420965459,
  "de_sig_genes_recall": 0.644141796891657,
  "de_nsig_counts_real": 522.2,
  "de_nsig_counts_pred": 731.3230769230769,
  "pr_auc": 0.5135846642595139,
  "roc_auc": 0.7459169677898042,
  "pearson_delta": 0.7431106842481173,
  "mse": 0.022596828596523174,
  "mae": 0.042169166499605545,
  "mse_delta": 0.00642386662791698,
  "mae_delta": 0.02869046425017027,
  "discrimination_score_l1": 0.9429585798816569,
  "discrimination_score_l2": 0.9507692307692307,
  "discrimination_score_cosine": 0.94698224852071,
  "pearson_edistance": 0.8957277315375107,
  "clustering_agreement": 0.5038339358515038,
  "R2": 0.940437376499176,
  "de_spearman_lfc_sig": 0.8018035466122555
}