{
  "overlap_at_N": 0.5437219632508541,
  "overlap_at_50": 0.24030769230769233,
  "overlap_at_100": 0.36769230769230765,
  "overlap_at_200": 0.5064180752046812,
  "overlap_at_500": 0.5281297185817572,
  "precision_at_N": 0.4764036810385677,
  "precision_at_50": 0.24030769230769233,
  "precision_at_100": 0.36769230769230765,
  "precision_at_200": 0.5064615384615384,
  "precision_at_500": 0.5236000000000002,
  "de_spearman_sig": 0.24109026166856584,
  "de_direction_match": 0.8984427921780922,
  "de_sig_genes_recall": 0.6377806802891215,
  "de_nsig_counts_real": 522.2,
  "de_nsig_counts_pred": 710.7076923076924,
  "pr_auc": 0.5224647748506743,
  "roc_auc": 0.7479108772110452,
  "pearson_delta": 0.7430285010486841,
  "mse": 0.022225834622692602,
  "mae": 0.043282887826745324,
  "mse_delta": 0.006709920382127166,
  "mae_delta": 0.029908905321588884,
  "discrimination_score_l1": 0.9344378698224851,
  "discrimination_score_l2": 0.9443786982248521,
  "discrimination_score_cosine": 0.9386982248520711,
  "pearson_edistance": 0.8709119866868492,
  "clustering_agreement": 0.47653907573332416,
  "R2": 0.9511003494262695,
  "de_spearman_lfc_sig": 0.7810930553706935,
  "effect_size_corr": 0.7476226822516966
}