{
  "overlap_at_N": 0.5402825159857374,
  "overlap_at_50": 0.24215384615384616,
  "overlap_at_100": 0.3613846153846154,
  "overlap_at_200": 0.5056450745812809,
  "overlap_at_500": 0.5241105629983961,
  "precision_at_N": 0.4766033363709065,
  "precision_at_50": 0.24215384615384616,
  "precision_at_100": 0.3613846153846154,
  "precision_at_200": 0.5056153846153847,
  "precision_at_500": 0.5205538461538461,
  "de_spearman_sig": 0.11522656276966364,
  "de_direction_match": 0.8939616214334658,
  "de_sig_genes_recall": 0.6366257322963375,
  "de_nsig_counts_real": 522.2,
  "de_nsig_counts_pred": 709.2923076923076,
  "pr_auc": 0.5221818632501543,
  "roc_auc": 0.7482669897673547,
  "pearson_delta": 0.7420878971008978,
  "mse": 0.022402220477278415,
  "mae": 0.04309187072973985,
  "mse_delta": 0.0069328355387999465,
  "mae_delta": 0.03022741682540912,
  "discrimination_score_l1": 0.9368047337278107,
  "discrimination_score_l2": 0.9401183431952662,
  "discrimination_score_cosine": 0.9424852071005918,
  "pearson_edistance": 0.862681250106627,
  "clustering_agreement": 0.4794637277350972,
  "R2": 0.9511975646018982,
  "de_spearman_lfc_sig": 0.7812623747342481
}