{
  "overlap_at_N": 0.4995557046264538,
  "overlap_at_50": 0.2335384615384615,
  "overlap_at_100": 0.3427692307692309,
  "overlap_at_200": 0.46322682120109293,
  "overlap_at_500": 0.480716021966878,
  "precision_at_N": 0.43855650787560846,
  "precision_at_50": 0.2335384615384615,
  "precision_at_100": 0.3427692307692309,
  "precision_at_200": 0.46376923076923077,
  "precision_at_500": 0.48119999999999996,
  "de_spearman_sig": -0.05608865788996632,
  "de_direction_match": 0.8968399646596078,
  "de_sig_genes_recall": 0.6192089382114045,
  "de_nsig_counts_real": 522.2,
  "de_nsig_counts_pred": 753.5538461538462,
  "pr_auc": 0.4785940260675539,
  "roc_auc": 0.7193746091300336,
  "pearson_delta": 0.7382843586114737,
  "mse": 0.02484769164942778,
  "mae": 0.04792799465358257,
  "mse_delta": 0.00654020298523112,
  "mae_delta": 0.029894003873834243,
  "discrimination_score_l1": 0.9339644970414201,
  "discrimination_score_l2": 0.9386982248520711,
  "discrimination_score_cosine": 0.9360946745562131,
  "pearson_edistance": 0.8102700007236674,
  "clustering_agreement": 0.5162339525313184,
  "R2": 0.9535908699035645,
  "de_spearman_lfc_sig": 0.7694846529598562
}