{
  "overlap_at_N": 0.4999503784350662,
  "overlap_at_50": 0.22615384615384615,
  "overlap_at_100": 0.33492307692307716,
  "overlap_at_200": 0.46390998316254045,
  "overlap_at_500": 0.4812270669131253,
  "precision_at_N": 0.4373526468753312,
  "precision_at_50": 0.22615384615384615,
  "precision_at_100": 0.33492307692307716,
  "precision_at_200": 0.46407692307692305,
  "precision_at_500": 0.4810153846153846,
  "de_spearman_sig": -0.09303011760756724,
  "de_direction_match": 0.8958058505423094,
  "de_sig_genes_recall": 0.6230867219276779,
  "de_nsig_counts_real": 522.2,
  "de_nsig_counts_pred": 762.6923076923077,
  "pr_auc": 0.4780096964920807,
  "roc_auc": 0.7189872728585961,
  "pearson_delta": 0.7376482251315163,
  "mse": 0.02500397233435741,
  "mae": 0.048341438403496376,
  "mse_delta": 0.006613128866928701,
  "mae_delta": 0.029928650363133504,
  "discrimination_score_l1": 0.9311242603550297,
  "discrimination_score_l2": 0.9405917159763314,
  "discrimination_score_cosine": 0.9389349112426036,
  "pearson_edistance": 0.8001224113781967,
  "clustering_agreement": 0.5379417504198652,
  "R2": 0.9548707604408264,
  "de_spearman_lfc_sig": 0.7687336679875383,
  "effect_size_corr": 0.7745017062433545
}