{
  "overlap_at_N": 0.4716231265831156,
  "overlap_at_50": 0.22030769230769232,
  "overlap_at_100": 0.3036923076923075,
  "overlap_at_200": 0.42539062904011776,
  "overlap_at_500": 0.4533729718515995,
  "precision_at_N": 0.4233455599959107,
  "precision_at_50": 0.22030769230769232,
  "precision_at_100": 0.3036923076923075,
  "precision_at_200": 0.4255384615384615,
  "precision_at_500": 0.4521538461538462,
  "de_spearman_sig": 0.10184254242684433,
  "de_direction_match": 0.8771323598711612,
  "de_sig_genes_recall": 0.5877179354438843,
  "de_nsig_counts_real": 522.2,
  "de_nsig_counts_pred": 742.3692307692307,
  "pr_auc": 0.4548505456873301,
  "roc_auc": 0.6979432308017331,
  "pearson_delta": 0.7206100528056805,
  "mse": 0.023657950192976455,
  "mae": 0.04413013174556769,
  "mse_delta": 0.0073837037825097256,
  "mae_delta": 0.030387303978204726,
  "discrimination_score_l1": 0.9323076923076923,
  "discrimination_score_l2": 0.9353846153846154,
  "discrimination_score_cosine": 0.9474556213017752,
  "pearson_edistance": 0.9022709089895075,
  "clustering_agreement": 0.43482843658274023,
  "R2": 0.948113739490509,
  "de_spearman_lfc_sig": 0.7510458698708197
}