{
  "overlap_at_N": 0.4728160405210998,
  "overlap_at_50": 0.22000000000000006,
  "overlap_at_100": 0.30753846153846137,
  "overlap_at_200": 0.42784922711691215,
  "overlap_at_500": 0.4544585302544129,
  "precision_at_N": 0.4264193003365325,
  "precision_at_50": 0.22000000000000006,
  "precision_at_100": 0.30753846153846137,
  "precision_at_200": 0.4276153846153847,
  "precision_at_500": 0.4531692307692308,
  "de_spearman_sig": 0.08178519912780848,
  "de_direction_match": 0.8754142378357008,
  "de_sig_genes_recall": 0.5869582912712374,
  "de_nsig_counts_real": 522.2,
  "de_nsig_counts_pred": 737.876923076923,
  "pr_auc": 0.4565453046467216,
  "roc_auc": 0.6998658515383605,
  "pearson_delta": 0.7205071245248501,
  "mse": 0.023679602762254386,
  "mae": 0.04419299899958647,
  "mse_delta": 0.0072361783608077814,
  "mae_delta": 0.03015887290239334,
  "discrimination_score_l1": 0.9266272189349113,
  "discrimination_score_l2": 0.93301775147929,
  "discrimination_score_cosine": 0.9349112426035504,
  "pearson_edistance": 0.9041357960718683,
  "clustering_agreement": 0.49277338584296604,
  "R2": 0.9472638964653015,
  "de_spearman_lfc_sig": 0.7509619253031268,
  "effect_size_corr": 0.681907128174331
}