{
  "overlap_at_N": 0.4394254683138517,
  "overlap_at_50": 0.21569230769230768,
  "overlap_at_100": 0.28861538461538455,
  "overlap_at_200": 0.3751152980783472,
  "overlap_at_500": 0.4202693653926689,
  "precision_at_N": 0.396831173227784,
  "precision_at_50": 0.21569230769230768,
  "precision_at_100": 0.28861538461538455,
  "precision_at_200": 0.3753076923076923,
  "precision_at_500": 0.42098461538461535,
  "de_spearman_sig": -0.024960930256139616,
  "de_direction_match": 0.8555482742328113,
  "de_sig_genes_recall": 0.583457101667251,
  "de_nsig_counts_real": 522.2,
  "de_nsig_counts_pred": 784.0769230769231,
  "pr_auc": 0.42636673534371694,
  "roc_auc": 0.6748550069470193,
  "pearson_delta": 0.6870973697075478,
  "mse": 0.027768863508334525,
  "mae": 0.04786320148179164,
  "mse_delta": 0.008515948624923253,
  "mae_delta": 0.03365390670414154,
  "discrimination_score_l1": 0.9183431952662722,
  "discrimination_score_l2": 0.9207100591715975,
  "discrimination_score_cosine": 0.9114792899408284,
  "pearson_edistance": 0.7531059047405884,
  "clustering_agreement": 0.5141259922689871,
  "R2": 0.9383423924446106,
  "de_spearman_lfc_sig": 0.7190658543949568
}