{
  "overlap_at_N": 0.43820562993867923,
  "overlap_at_50": 0.22369230769230772,
  "overlap_at_100": 0.28938461538461524,
  "overlap_at_200": 0.3754168765518334,
  "overlap_at_500": 0.41896264054115817,
  "precision_at_N": 0.3964716678284628,
  "precision_at_50": 0.22369230769230772,
  "precision_at_100": 0.28938461538461524,
  "precision_at_200": 0.37615384615384606,
  "precision_at_500": 0.42113846153846163,
  "de_spearman_sig": -0.0806950439914861,
  "de_direction_match": 0.858526228324351,
  "de_sig_genes_recall": 0.5873004266007289,
  "de_nsig_counts_real": 522.2,
  "de_nsig_counts_pred": 788.3076923076923,
  "pr_auc": 0.4246303776467848,
  "roc_auc": 0.6741432544524585,
  "pearson_delta": 0.6899507323136697,
  "mse": 0.027783048002479167,
  "mae": 0.04769150076004175,
  "mse_delta": 0.00846582089837354,
  "mae_delta": 0.03352012324791688,
  "discrimination_score_l1": 0.9211834319526627,
  "discrimination_score_l2": 0.9128994082840235,
  "discrimination_score_cosine": 0.9043786982248521,
  "pearson_edistance": 0.7305289291685492,
  "clustering_agreement": 0.45333817056605336,
  "R2": 0.937532365322113,
  "de_spearman_lfc_sig": 0.7184403568567814,
  "effect_size_corr": 0.6997927943251299
}