{
  "overlap_at_N": 0.5562666260404927,
  "overlap_at_50": 0.2298461538461539,
  "overlap_at_100": 0.3813846153846153,
  "overlap_at_200": 0.5342258908109639,
  "overlap_at_500": 0.5405667025687058,
  "precision_at_N": 0.48254468633606246,
  "precision_at_50": 0.2298461538461539,
  "precision_at_100": 0.3813846153846153,
  "precision_at_200": 0.534,
  "precision_at_500": 0.536676923076923,
  "de_spearman_sig": 0.20688034796387622,
  "de_direction_match": 0.8986207070591044,
  "de_sig_genes_recall": 0.6650238043866865,
  "de_nsig_counts_real": 522.2,
  "de_nsig_counts_pred": 736.2153846153847,
  "pr_auc": 0.5309229891629619,
  "roc_auc": 0.7579618685716571,
  "pearson_delta": 0.7610838413954928,
  "mse": 0.026310664730576368,
  "mae": 0.04365166720862572,
  "mse_delta": 0.009232483611692889,
  "mae_delta": 0.03235377385639227,
  "discrimination_score_l1": 0.9244970414201182,
  "discrimination_score_l2": 0.936094674556213,
  "discrimination_score_cosine": 0.9299408284023669,
  "pearson_edistance": 0.8774425345767175,
  "clustering_agreement": 0.5040127484539072,
  "R2": 0.9415509700775146,
  "de_spearman_lfc_sig": 0.7875096565889221,
  "effect_size_corr": 0.7185371116279168
}