{
  "overlap_at_N": 0.5560835910849874,
  "overlap_at_50": 0.23661538461538464,
  "overlap_at_100": 0.3773846153846154,
  "overlap_at_200": 0.5384568286421108,
  "overlap_at_500": 0.542298086195029,
  "precision_at_N": 0.4820970295230702,
  "precision_at_50": 0.23661538461538464,
  "precision_at_100": 0.3773846153846154,
  "precision_at_200": 0.5385384615384615,
  "precision_at_500": 0.5372615384615385,
  "de_spearman_sig": 0.21511945698523136,
  "de_direction_match": 0.896888094236012,
  "de_sig_genes_recall": 0.6654694897762121,
  "de_nsig_counts_real": 522.2,
  "de_nsig_counts_pred": 735.8307692307692,
  "pr_auc": 0.5326224856945266,
  "roc_auc": 0.7586348252601925,
  "pearson_delta": 0.7588205451002488,
  "mse": 0.02645182300788852,
  "mae": 0.043777821556879926,
  "mse_delta": 0.009318236266979231,
  "mae_delta": 0.03256401651753829,
  "discrimination_score_l1": 0.9244970414201182,
  "discrimination_score_l2": 0.9332544378698224,
  "discrimination_score_cosine": 0.9289940828402368,
  "pearson_edistance": 0.8786402229075284,
  "clustering_agreement": 0.5417547399681342,
  "R2": 0.9406760931015015,
  "de_spearman_lfc_sig": 0.7839933400685042
}