{
  "overlap_at_N": 0.46221632866452067,
  "overlap_at_50": 0.22892307692307687,
  "overlap_at_100": 0.29584615384615404,
  "overlap_at_200": 0.41893993680608604,
  "overlap_at_500": 0.4458149048576107,
  "precision_at_N": 0.41703862572247496,
  "precision_at_50": 0.22892307692307687,
  "precision_at_100": 0.29584615384615404,
  "precision_at_200": 0.41869230769230775,
  "precision_at_500": 0.44596923076923095,
  "de_spearman_sig": 0.040741388364339055,
  "de_direction_match": 0.881142627860612,
  "de_sig_genes_recall": 0.5962436270427178,
  "de_nsig_counts_real": 522.2,
  "de_nsig_counts_pred": 769.5076923076923,
  "pr_auc": 0.4544834272303845,
  "roc_auc": 0.6948860412675444,
  "pearson_delta": 0.7062038866946331,
  "mse": 0.020509766608190077,
  "mae": 0.03866925445886759,
  "mse_delta": 0.008051704472074142,
  "mae_delta": 0.029690033211730995,
  "discrimination_score_l1": 0.9365680473372782,
  "discrimination_score_l2": 0.9476923076923077,
  "discrimination_score_cosine": 0.9538461538461539,
  "pearson_edistance": 0.8885221449569886,
  "clustering_agreement": 0.5650315380929272,
  "R2": 0.9497324824333191,
  "de_spearman_lfc_sig": 0.777955041611205
}