{
  "overlap_at_N": 0.46421518312954213,
  "overlap_at_50": 0.24430769230769245,
  "overlap_at_100": 0.30415384615384616,
  "overlap_at_200": 0.41797205683995087,
  "overlap_at_500": 0.4474080378181426,
  "precision_at_N": 0.4192998533184091,
  "precision_at_50": 0.24430769230769245,
  "precision_at_100": 0.30415384615384616,
  "precision_at_200": 0.418,
  "precision_at_500": 0.4472923076923077,
  "de_spearman_sig": 0.15283484878628797,
  "de_direction_match": 0.8828612793610245,
  "de_sig_genes_recall": 0.5989813450191512,
  "de_nsig_counts_real": 522.2,
  "de_nsig_counts_pred": 767.876923076923,
  "pr_auc": 0.4558125407895028,
  "roc_auc": 0.6964254541870575,
  "pearson_delta": 0.7055251754533786,
  "mse": 0.020325968056344068,
  "mae": 0.03871603886095377,
  "mse_delta": 0.007805038058163168,
  "mae_delta": 0.029627916704003627,
  "discrimination_score_l1": 0.9403550295857989,
  "discrimination_score_l2": 0.9484023668639054,
  "discrimination_score_cosine": 0.9611834319526628,
  "pearson_edistance": 0.8931361921197636,
  "clustering_agreement": 0.510872179485908,
  "R2": 0.9493191838264465,
  "de_spearman_lfc_sig": 0.7793773542716143,
  "effect_size_corr": 0.682026598814556
}