{
  "overlap_at_N": 0.5480474444729253,
  "overlap_at_50": 0.2526153846153846,
  "overlap_at_100": 0.4043076923076922,
  "overlap_at_200": 0.5351043059906714,
  "overlap_at_500": 0.5312301515960915,
  "precision_at_N": 0.45735921376397937,
  "precision_at_50": 0.2526153846153846,
  "precision_at_100": 0.4043076923076922,
  "precision_at_200": 0.5346923076923078,
  "precision_at_500": 0.5258153846153846,
  "de_spearman_sig": 0.10650040446450683,
  "de_direction_match": 0.9127413505701206,
  "de_sig_genes_recall": 0.6635880699957034,
  "de_nsig_counts_real": 522.2,
  "de_nsig_counts_pred": 774.0923076923077,
  "pr_auc": 0.5145423243118108,
  "roc_auc": 0.7442816689961059,
  "pearson_delta": 0.7543048925124682,
  "mse": 0.031000910154902018,
  "mae": 0.049187046203475734,
  "mse_delta": 0.009273495713177208,
  "mae_delta": 0.0314847506582737,
  "discrimination_score_l1": 0.9396449704142013,
  "discrimination_score_l2": 0.9368047337278107,
  "discrimination_score_cosine": 0.9351479289940828,
  "pearson_edistance": 0.8543720738463759,
  "clustering_agreement": 0.5270980479608481,
  "R2": 0.9433358311653137,
  "de_spearman_lfc_sig": 0.7945296961611139,
  "effect_size_corr": 0.7568859315279142
}