{
  "overlap_at_N": 0.5494761290049741,
  "overlap_at_50": 0.2593846153846154,
  "overlap_at_100": 0.39476923076923065,
  "overlap_at_200": 0.5325297898343482,
  "overlap_at_500": 0.53284455925896,
  "precision_at_N": 0.45582491635595945,
  "precision_at_50": 0.2593846153846154,
  "precision_at_100": 0.39476923076923065,
  "precision_at_200": 0.5316153846153845,
  "precision_at_500": 0.5258461538461536,
  "de_spearman_sig": 0.10467530774356576,
  "de_direction_match": 0.9124862147452594,
  "de_sig_genes_recall": 0.6640011196647762,
  "de_nsig_counts_real": 522.2,
  "de_nsig_counts_pred": 779.3076923076923,
  "pr_auc": 0.5135541741050423,
  "roc_auc": 0.7421690204571217,
  "pearson_delta": 0.7521989926122702,
  "mse": 0.030435657716141297,
  "mae": 0.04893409265921666,
  "mse_delta": 0.008968293534305232,
  "mae_delta": 0.0311064836784051,
  "discrimination_score_l1": 0.9379881656804735,
  "discrimination_score_l2": 0.9346745562130178,
  "discrimination_score_cosine": 0.9268639053254438,
  "pearson_edistance": 0.8596690483179807,
  "clustering_agreement": 0.5389931627851609,
  "R2": 0.9433526992797852,
  "de_spearman_lfc_sig": 0.7890441299308076
}