{
  "overlap_at_N": 0.5525722815418238,
  "overlap_at_50": 0.2396923076923078,
  "overlap_at_100": 0.39630769230769225,
  "overlap_at_200": 0.5396444682788984,
  "overlap_at_500": 0.5406183630452751,
  "precision_at_N": 0.49292091991417575,
  "precision_at_50": 0.2396923076923078,
  "precision_at_100": 0.39630769230769225,
  "precision_at_200": 0.5390769230769232,
  "precision_at_500": 0.5356923076923076,
  "de_spearman_sig": 0.23692839172723093,
  "de_direction_match": 0.8937061584655611,
  "de_sig_genes_recall": 0.647071337236879,
  "de_nsig_counts_real": 522.2,
  "de_nsig_counts_pred": 700.5538461538462,
  "pr_auc": 0.5427119156098101,
  "roc_auc": 0.7615461629916865,
  "pearson_delta": 0.7378696011809203,
  "mse": 0.022756304706518467,
  "mae": 0.03977074247713273,
  "mse_delta": 0.0072675521951168776,
  "mae_delta": 0.03029661151365592,
  "discrimination_score_l1": 0.9365680473372782,
  "discrimination_score_l2": 0.9500591715976332,
  "discrimination_score_cosine": 0.951715976331361,
  "pearson_edistance": 0.8832802750681965,
  "clustering_agreement": 0.5044569089775983,
  "R2": 0.9286077618598938,
  "de_spearman_lfc_sig": 0.7997549085188607
}