{
  "overlap_at_N": 0.5494397913739147,
  "overlap_at_50": 0.25569230769230766,
  "overlap_at_100": 0.40215384615384586,
  "overlap_at_200": 0.5410918962067748,
  "overlap_at_500": 0.5370189540322267,
  "precision_at_N": 0.4915823927326881,
  "precision_at_50": 0.25569230769230766,
  "precision_at_100": 0.40215384615384586,
  "precision_at_200": 0.5408461538461536,
  "precision_at_500": 0.5327384615384614,
  "de_spearman_sig": 0.22806673135688615,
  "de_direction_match": 0.8918783093838986,
  "de_sig_genes_recall": 0.6459322911237241,
  "de_nsig_counts_real": 522.2,
  "de_nsig_counts_pred": 700.1692307692308,
  "pr_auc": 0.5379376099493028,
  "roc_auc": 0.7583744694827314,
  "pearson_delta": 0.7386263745908553,
  "mse": 0.022612179213991532,
  "mae": 0.03965135119282282,
  "mse_delta": 0.007166947359935595,
  "mae_delta": 0.030171081538383777,
  "discrimination_score_l1": 0.9327810650887575,
  "discrimination_score_l2": 0.9493491124260356,
  "discrimination_score_cosine": 0.9405917159763314,
  "pearson_edistance": 0.8809338497356995,
  "clustering_agreement": 0.4583200094715141,
  "R2": 0.9297568798065186,
  "de_spearman_lfc_sig": 0.7946244523487687,
  "effect_size_corr": 0.719791244744862
}