{
  "overlap_at_N": 0.554202263420033,
  "overlap_at_50": 0.2513846153846155,
  "overlap_at_100": 0.40369230769230774,
  "overlap_at_200": 0.5382941290186944,
  "overlap_at_500": 0.5384205195508157,
  "precision_at_N": 0.45557057078805346,
  "precision_at_50": 0.2513846153846155,
  "precision_at_100": 0.40369230769230774,
  "precision_at_200": 0.5381538461538461,
  "precision_at_500": 0.5332615384615386,
  "de_spearman_sig": 0.08957882543221209,
  "de_direction_match": 0.9163174892335559,
  "de_sig_genes_recall": 0.667780716300332,
  "de_nsig_counts_real": 522.2,
  "de_nsig_counts_pred": 779.6769230769231,
  "pr_auc": 0.5100811132693991,
  "roc_auc": 0.7436302264906038,
  "pearson_delta": 0.7733010197416521,
  "mse": 0.03058447246081554,
  "mae": 0.05048390953586652,
  "mse_delta": 0.010008015679732824,
  "mae_delta": 0.032357888855040075,
  "discrimination_score_l1": 0.9365680473372782,
  "discrimination_score_l2": 0.9379881656804735,
  "discrimination_score_cosine": 0.9320710059171599,
  "pearson_edistance": 0.8524539803524308,
  "clustering_agreement": 0.4808921692746819,
  "R2": 0.9586759805679321,
  "de_spearman_lfc_sig": 0.7905299132725183
}