{
  "overlap_at_N": 0.5556522294701525,
  "overlap_at_50": 0.2516923076923077,
  "overlap_at_100": 0.3995384615384613,
  "overlap_at_200": 0.5338518213809883,
  "overlap_at_500": 0.5382137266908686,
  "precision_at_N": 0.45665796357460553,
  "precision_at_50": 0.2516923076923077,
  "precision_at_100": 0.3995384615384613,
  "precision_at_200": 0.5336153846153846,
  "precision_at_500": 0.5325846153846154,
  "de_spearman_sig": 0.1156998601430414,
  "de_direction_match": 0.9145409937970919,
  "de_sig_genes_recall": 0.669320591100552,
  "de_nsig_counts_real": 522.2,
  "de_nsig_counts_pred": 780.3384615384615,
  "pr_auc": 0.5113985175881988,
  "roc_auc": 0.7428044137515634,
  "pearson_delta": 0.7689080724062828,
  "mse": 0.03076752687876041,
  "mae": 0.05072673991895639,
  "mse_delta": 0.010117093799635768,
  "mae_delta": 0.03250079834117339,
  "discrimination_score_l1": 0.9325443786982248,
  "discrimination_score_l2": 0.9386982248520711,
  "discrimination_score_cosine": 0.9259171597633136,
  "pearson_edistance": 0.8614660108413831,
  "clustering_agreement": 0.49425382612817903,
  "R2": 0.9586993455886841,
  "de_spearman_lfc_sig": 0.7910009632032544,
  "effect_size_corr": 0.7553304331947028
}