{
  "overlap_at_N": 0.4914639022859052,
  "overlap_at_50": 0.23753846153846161,
  "overlap_at_100": 0.34107692307692333,
  "overlap_at_200": 0.4704504688832971,
  "overlap_at_500": 0.4781519865275434,
  "precision_at_N": 0.43360226730505824,
  "precision_at_50": 0.23753846153846161,
  "precision_at_100": 0.34107692307692333,
  "precision_at_200": 0.4709999999999999,
  "precision_at_500": 0.4768923076923077,
  "de_spearman_sig": 0.02416367037847688,
  "de_direction_match": 0.8806753360407533,
  "de_sig_genes_recall": 0.6226579617101511,
  "de_nsig_counts_real": 522.2,
  "de_nsig_counts_pred": 772.7538461538461,
  "pr_auc": 0.47939225745435676,
  "roc_auc": 0.7129019823951928,
  "pearson_delta": 0.695243118588741,
  "mse": 0.01762150234471147,
  "mae": 0.037175536499573635,
  "mse_delta": 0.006032009340392856,
  "mae_delta": 0.02962079025231875,
  "discrimination_score_l1": 0.9365680473372782,
  "discrimination_score_l2": 0.9526627218934911,
  "discrimination_score_cosine": 0.949585798816568,
  "pearson_edistance": 0.8986136186736162,
  "clustering_agreement": 0.4742020366875472,
  "R2": 0.9397097826004028,
  "de_spearman_lfc_sig": 0.7948010172505724,
  "effect_size_corr": 0.6878336101349876
}