{
  "overlap_at_N": 0.4931624289364474,
  "overlap_at_50": 0.23815384615384627,
  "overlap_at_100": 0.34800000000000014,
  "overlap_at_200": 0.46979008005602,
  "overlap_at_500": 0.47947721257004083,
  "precision_at_N": 0.436501506926171,
  "precision_at_50": 0.23815384615384627,
  "precision_at_100": 0.34800000000000014,
  "precision_at_200": 0.46976923076923066,
  "precision_at_500": 0.4775384615384617,
  "de_spearman_sig": -0.02105964898954383,
  "de_direction_match": 0.8818885423496021,
  "de_sig_genes_recall": 0.620944730898157,
  "de_nsig_counts_real": 522.2,
  "de_nsig_counts_pred": 764.0923076923077,
  "pr_auc": 0.48397891930907294,
  "roc_auc": 0.7176939556889179,
  "pearson_delta": 0.6972990155793153,
  "mse": 0.01729539412145431,
  "mae": 0.03674537447782663,
  "mse_delta": 0.0059264423003276955,
  "mae_delta": 0.029680551416598835,
  "discrimination_score_l1": 0.9417751479289942,
  "discrimination_score_l2": 0.9538461538461539,
  "discrimination_score_cosine": 0.9484023668639054,
  "pearson_edistance": 0.896413179118746,
  "clustering_agreement": 0.49846889772416253,
  "R2": 0.93971186876297,
  "de_spearman_lfc_sig": 0.7898475319497513
}