{
  "overlap_at_N": 0.5650788859668671,
  "overlap_at_50": 0.2387692307692308,
  "overlap_at_100": 0.3841538461538462,
  "overlap_at_200": 0.5433998245587565,
  "overlap_at_500": 0.5511209143089549,
  "precision_at_N": 0.4885817185494214,
  "precision_at_50": 0.2387692307692308,
  "precision_at_100": 0.3841538461538462,
  "precision_at_200": 0.5430769230769229,
  "precision_at_500": 0.5472,
  "de_spearman_sig": 0.3138907110573659,
  "de_direction_match": 0.898120450741612,
  "de_sig_genes_recall": 0.6703366677787109,
  "de_nsig_counts_real": 522.2,
  "de_nsig_counts_pred": 729.8153846153846,
  "pr_auc": 0.5405142093149925,
  "roc_auc": 0.7638574139444986,
  "pearson_delta": 0.7476356631073241,
  "mse": 0.02476613803838308,
  "mae": 0.04363334643153044,
  "mse_delta": 0.008330581802874803,
  "mae_delta": 0.031695693272810715,
  "discrimination_score_l1": 0.9249704142011834,
  "discrimination_score_l2": 0.9337278106508876,
  "discrimination_score_cosine": 0.9190532544378698,
  "pearson_edistance": 0.8477391213985825,
  "clustering_agreement": 0.48950251772692344,
  "R2": 0.9429705739021301,
  "de_spearman_lfc_sig": 0.7847861163081616
}