{
  "overlap_at_N": 0.5665860511008235,
  "overlap_at_50": 0.25630769230769235,
  "overlap_at_100": 0.3935384615384614,
  "overlap_at_200": 0.5420366649296485,
  "overlap_at_500": 0.5532936998749989,
  "precision_at_N": 0.4908075442872565,
  "precision_at_50": 0.25630769230769235,
  "precision_at_100": 0.3935384615384614,
  "precision_at_200": 0.5414615384615383,
  "precision_at_500": 0.547723076923077,
  "de_spearman_sig": 0.3217416015838975,
  "de_direction_match": 0.9011927235595097,
  "de_sig_genes_recall": 0.6721490200116219,
  "de_nsig_counts_real": 522.2,
  "de_nsig_counts_pred": 726.4615384615385,
  "pr_auc": 0.5444096281058562,
  "roc_auc": 0.7667835556398391,
  "pearson_delta": 0.7502082714667687,
  "mse": 0.02501264469554791,
  "mae": 0.04342711143768751,
  "mse_delta": 0.008511112173661017,
  "mae_delta": 0.03179498342080758,
  "discrimination_score_l1": 0.9235502958579881,
  "discrimination_score_l2": 0.9289940828402368,
  "discrimination_score_cosine": 0.9240236686390533,
  "pearson_edistance": 0.8478703160622493,
  "clustering_agreement": 0.5293069787668907,
  "R2": 0.9414710402488708,
  "de_spearman_lfc_sig": 0.7918970912927384,
  "effect_size_corr": 0.7317922808487554
}