{
  "overlap_at_N": 0.5188714792200181,
  "overlap_at_50": 0.22184615384615383,
  "overlap_at_100": 0.33892307692307716,
  "overlap_at_200": 0.4680017418707504,
  "overlap_at_500": 0.5040344405350273,
  "precision_at_N": 0.47062335926634685,
  "precision_at_50": 0.22184615384615383,
  "precision_at_100": 0.33892307692307716,
  "precision_at_200": 0.46807692307692306,
  "precision_at_500": 0.5030153846153844,
  "de_spearman_sig": 0.1319358685376615,
  "de_direction_match": 0.866084649202881,
  "de_sig_genes_recall": 0.6280940297011175,
  "de_nsig_counts_real": 522.2,
  "de_nsig_counts_pred": 711.6615384615385,
  "pr_auc": 0.5155313798262651,
  "roc_auc": 0.7397210811586368,
  "pearson_delta": 0.7280545329818359,
  "mse": 0.025040651399355667,
  "mae": 0.04133067887562972,
  "mse_delta": 0.008576922998047218,
  "mae_delta": 0.03274803323527942,
  "discrimination_score_l1": 0.9060355029585797,
  "discrimination_score_l2": 0.9308875739644971,
  "discrimination_score_cosine": 0.927337278106509,
  "pearson_edistance": 0.8781307428535625,
  "clustering_agreement": 0.4574812944825768,
  "R2": 0.9280292987823486,
  "de_spearman_lfc_sig": 0.7596566517421591,
  "effect_size_corr": 0.685661404395817
}