{
  "overlap_at_N": 0.518728530529624,
  "overlap_at_50": 0.24030769230769244,
  "overlap_at_100": 0.33707692307692333,
  "overlap_at_200": 0.4657370298457746,
  "overlap_at_500": 0.5033394095415187,
  "precision_at_N": 0.4715755374708702,
  "precision_at_50": 0.24030769230769244,
  "precision_at_100": 0.33707692307692333,
  "precision_at_200": 0.4659230769230772,
  "precision_at_500": 0.5020923076923077,
  "de_spearman_sig": 0.12766096956320916,
  "de_direction_match": 0.8685570707928839,
  "de_sig_genes_recall": 0.6242184168322692,
  "de_nsig_counts_real": 522.2,
  "de_nsig_counts_pred": 706.0923076923077,
  "pr_auc": 0.5170204410985689,
  "roc_auc": 0.7404347673394767,
  "pearson_delta": 0.7296060672746255,
  "mse": 0.024119677043591553,
  "mae": 0.040570599757708034,
  "mse_delta": 0.008067803008732602,
  "mae_delta": 0.03217191792164858,
  "discrimination_score_l1": 0.9197633136094674,
  "discrimination_score_l2": 0.9327810650887575,
  "discrimination_score_cosine": 0.9280473372781065,
  "pearson_edistance": 0.8817793478445713,
  "clustering_agreement": 0.4460200243692502,
  "R2": 0.9279356002807617,
  "de_spearman_lfc_sig": 0.7585875188147182
}