{
  "overlap_at_N": 0.5504978455089127,
  "overlap_at_50": 0.23600000000000004,
  "overlap_at_100": 0.3750769230769231,
  "overlap_at_200": 0.5234719246214479,
  "overlap_at_500": 0.5350029506386691,
  "precision_at_N": 0.47860701068859146,
  "precision_at_50": 0.23600000000000004,
  "precision_at_100": 0.3750769230769231,
  "precision_at_200": 0.5226923076923077,
  "precision_at_500": 0.5296307692307691,
  "de_spearman_sig": 0.04650273234041614,
  "de_direction_match": 0.8972602243198592,
  "de_sig_genes_recall": 0.6533854963745788,
  "de_nsig_counts_real": 522.2,
  "de_nsig_counts_pred": 727.3384615384615,
  "pr_auc": 0.5272692874094324,
  "roc_auc": 0.7533042443705619,
  "pearson_delta": 0.7570802782590572,
  "mse": 0.02900178888096259,
  "mae": 0.04716568617866589,
  "mse_delta": 0.008403607128331294,
  "mae_delta": 0.031001193448901176,
  "discrimination_score_l1": 0.9268639053254438,
  "discrimination_score_l2": 0.9188165680473372,
  "discrimination_score_cosine": 0.9228402366863906,
  "pearson_edistance": 0.8816052639795212,
  "clustering_agreement": 0.47858276932472044,
  "R2": 0.9420290589332581,
  "de_spearman_lfc_sig": 0.7749755041897269
}