{
  "overlap_at_N": 0.5494478980331564,
  "overlap_at_50": 0.24646153846153845,
  "overlap_at_100": 0.3750769230769231,
  "overlap_at_200": 0.5210591425871949,
  "overlap_at_500": 0.5316694153079166,
  "precision_at_N": 0.47647385492976857,
  "precision_at_50": 0.24646153846153845,
  "precision_at_100": 0.3750769230769231,
  "precision_at_200": 0.5203076923076924,
  "precision_at_500": 0.5276615384615386,
  "de_spearman_sig": 0.0017813039582103877,
  "de_direction_match": 0.8994861248488117,
  "de_sig_genes_recall": 0.6496064111276706,
  "de_nsig_counts_real": 522.2,
  "de_nsig_counts_pred": 728.0615384615385,
  "pr_auc": 0.5246770467481813,
  "roc_auc": 0.7515046004640528,
  "pearson_delta": 0.7583437644518338,
  "mse": 0.029055495388232745,
  "mae": 0.04734664221222584,
  "mse_delta": 0.008248880236911086,
  "mae_delta": 0.030938300404411097,
  "discrimination_score_l1": 0.9280473372781065,
  "discrimination_score_l2": 0.9289940828402365,
  "discrimination_score_cosine": 0.9263905325443788,
  "pearson_edistance": 0.8828242686118414,
  "clustering_agreement": 0.5126471434009049,
  "R2": 0.9421170353889465,
  "de_spearman_lfc_sig": 0.7754174133851096,
  "effect_size_corr": 0.7466790296103113
}