{
  "overlap_at_N": 0.5287322146774509,
  "overlap_at_50": 0.23046153846153847,
  "overlap_at_100": 0.35630769230769255,
  "overlap_at_200": 0.4950231930137068,
  "overlap_at_500": 0.5127804118156727,
  "precision_at_N": 0.4819027680004149,
  "precision_at_50": 0.23046153846153847,
  "precision_at_100": 0.35630769230769255,
  "precision_at_200": 0.49476923076923063,
  "precision_at_500": 0.5116307692307693,
  "de_spearman_sig": 0.2943465103136664,
  "de_direction_match": 0.8891157786785198,
  "de_sig_genes_recall": 0.6309207572614965,
  "de_nsig_counts_real": 522.2,
  "de_nsig_counts_pred": 699.4461538461538,
  "pr_auc": 0.5217028972408333,
  "roc_auc": 0.749104807031257,
  "pearson_delta": 0.7330551184140719,
  "mse": 0.022049633886378546,
  "mae": 0.03933823068554585,
  "mse_delta": 0.0064088511191165215,
  "mae_delta": 0.029442661628127097,
  "discrimination_score_l1": 0.9363313609467456,
  "discrimination_score_l2": 0.939644970414201,
  "discrimination_score_cosine": 0.962130177514793,
  "pearson_edistance": 0.8877243828509601,
  "clustering_agreement": 0.467538114676695,
  "R2": 0.9255447387695312,
  "de_spearman_lfc_sig": 0.7839618437874832,
  "effect_size_corr": 0.7139112952657474
}