{
  "overlap_at_N": 0.5267945580482368,
  "overlap_at_50": 0.23723076923076916,
  "overlap_at_100": 0.3561538461538462,
  "overlap_at_200": 0.4930210183760483,
  "overlap_at_500": 0.5118116476233313,
  "precision_at_N": 0.4825600894750764,
  "precision_at_50": 0.23723076923076916,
  "precision_at_100": 0.3561538461538462,
  "precision_at_200": 0.4927692307692307,
  "precision_at_500": 0.509723076923077,
  "de_spearman_sig": 0.2325068027721425,
  "de_direction_match": 0.8883926478455065,
  "de_sig_genes_recall": 0.6257229501116741,
  "de_nsig_counts_real": 522.2,
  "de_nsig_counts_pred": 693.3692307692307,
  "pr_auc": 0.5226265308222738,
  "roc_auc": 0.7482623317479805,
  "pearson_delta": 0.732817846765885,
  "mse": 0.021901653434794683,
  "mae": 0.03902323074065722,
  "mse_delta": 0.006330110067322564,
  "mae_delta": 0.029447738768962714,
  "discrimination_score_l1": 0.9320710059171599,
  "discrimination_score_l2": 0.9370414201183433,
  "discrimination_score_cosine": 0.9583431952662721,
  "pearson_edistance": 0.8902718253790668,
  "clustering_agreement": 0.5430631856362875,
  "R2": 0.9238281846046448,
  "de_spearman_lfc_sig": 0.7910356664177435
}