{
  "overlap_at_N": 0.5363440724934984,
  "overlap_at_50": 0.25015384615384634,
  "overlap_at_100": 0.37753846153846143,
  "overlap_at_200": 0.5122631396354573,
  "overlap_at_500": 0.5222612269563365,
  "precision_at_N": 0.476438084775208,
  "precision_at_50": 0.25015384615384634,
  "precision_at_100": 0.37753846153846143,
  "precision_at_200": 0.5125384615384615,
  "precision_at_500": 0.5195384615384616,
  "de_spearman_sig": -0.014327712286830933,
  "de_direction_match": 0.8894499862497217,
  "de_sig_genes_recall": 0.6435612370266331,
  "de_nsig_counts_real": 522.2,
  "de_nsig_counts_pred": 725.2461538461539,
  "pr_auc": 0.5206825265498987,
  "roc_auc": 0.7471813864538918,
  "pearson_delta": 0.7381699037666504,
  "mse": 0.02122241472825408,
  "mae": 0.040397207696850485,
  "mse_delta": 0.006308984748410205,
  "mae_delta": 0.030014305719389366,
  "discrimination_score_l1": 0.9282840236686392,
  "discrimination_score_l2": 0.943905325443787,
  "discrimination_score_cosine": 0.9308875739644971,
  "pearson_edistance": 0.885604405858693,
  "clustering_agreement": 0.5326054878685504,
  "R2": 0.9393981099128723,
  "de_spearman_lfc_sig": 0.7819710191666366,
  "effect_size_corr": 0.7317631837935276
}