{
  "overlap_at_N": 0.5356894704650745,
  "overlap_at_50": 0.24184615384615393,
  "overlap_at_100": 0.37723076923076915,
  "overlap_at_200": 0.5089645980906305,
  "overlap_at_500": 0.5222095276004943,
  "precision_at_N": 0.47522545921397774,
  "precision_at_50": 0.24184615384615393,
  "precision_at_100": 0.37723076923076915,
  "precision_at_200": 0.5094615384615385,
  "precision_at_500": 0.5203384615384614,
  "de_spearman_sig": 0.05841210863143195,
  "de_direction_match": 0.8905368245904427,
  "de_sig_genes_recall": 0.6465696729572764,
  "de_nsig_counts_real": 522.2,
  "de_nsig_counts_pred": 728.7692307692307,
  "pr_auc": 0.5214376913134824,
  "roc_auc": 0.7488101416175738,
  "pearson_delta": 0.739294863664187,
  "mse": 0.021489296223108585,
  "mae": 0.04065658412873745,
  "mse_delta": 0.006451065892067093,
  "mae_delta": 0.03022806756198406,
  "discrimination_score_l1": 0.9230769230769231,
  "discrimination_score_l2": 0.9353846153846154,
  "discrimination_score_cosine": 0.927810650887574,
  "pearson_edistance": 0.8881713183746685,
  "clustering_agreement": 0.45691303957386514,
  "R2": 0.9404335618019104,
  "de_spearman_lfc_sig": 0.7818360853648807
}